Title,url,alt,width,height
Salon de jardin Alzas avec table basse à prix malin,https://baity.tn/31570-home_default/salon-de-jardin-alzas-avec-table-basse-a-prix-malin.jpg,Salon de jardin Alzas avec table basse à prix malin,280,280
Salon de jardin la Marsa - Métal L188cm*H65cm*P188cm,https://baity.tn/31574-home_default/salon-de-jardin-la-marsa-metal-l188cmh65cmp188cm.jpg,Salon de jardin la Marsa - Métal L188cm*H65cm*P188cm,280,280
SALON DE JARDIN MONACO -Metal blanc et tissus gris,https://baity.tn/31590-home_default/salon-de-jardin-monaco-metal-blanc-et-tissus-gris.jpg,SALON DE JARDIN MONACO -Metal blanc et tissus gris,280,280
SALON DE JARDIN MONACO -Metal blanc et tissus gris,https://baity.tn/3933-home_default/salon-de-jardin-monaco-tres-agreable.jpg,SALON DE JARDIN MONACO -Metal blanc et tissus gris,280,280
Lampe - Veilleuse - LED - Enfant - Lapin Intello - Vert,https://baity.tn/28867-home_default/lampe-veilleuse-led-enfant-lapin-intello-vert.jpg,Lampe - Veilleuse - LED - Enfant - Lapin Intello - Vert,280,280
Lampe - Veilleuse - LED - Enfant - Lapin Intello - Bleu,https://baity.tn/28863-home_default/lampe-veilleuse-led-enfant-lapin-intello-bleu.jpg,Lampe - Veilleuse - LED - Enfant - Lapin Intello - Bleu,280,280
Lampe - Veilleuse - LED - Enfant - Lapin Intello - Rose,https://baity.tn/32520-home_default/lampe-veilleuse-led-enfant-lapin-intello-rose.jpg,Lampe - Veilleuse - LED - Enfant - Lapin Intello - Rose,280,280
Lampe  Champignon Led et Tactile,https://baity.tn/32480-home_default/lampe-led-champignon.jpg,Lampe  Champignon Led et Tactile,280,280
Lampe bureau réglable style moderne - Noir,https://baity.tn/28660-home_default/lampe-bureau-reglable-style-moderne-noir.jpg,Lampe bureau réglable style moderne - Noir,280,280
Lampe bureau réglable style moderne - Blanc,https://baity.tn/28691-home_default/lampe-bureau-reglable-style-moderne-blanc.jpg,Lampe bureau réglable style moderne - Blanc,280,280
Lampe Bureau Enfant - Flexible - Rose - 45 cm,https://baity.tn/28916-home_default/lampe-bureau-enfant-flexible-rose-45-cm.jpg,Lampe Bureau Enfant - Flexible - Rose - 45 cm,280,280
Lampe bureau réglable style moderne - Rouge,https://baity.tn/28688-home_default/lampe-bureau-reglable-style-moderne-rouge.jpg,Lampe bureau réglable style moderne - Rouge,280,280
Lampe Bureau Enfant - Bleu - Flexible - 45 cm,https://baity.tn/28915-home_default/lampe-bureau-enfant-bleu-flexible-45-cm.jpg,Lampe Bureau Enfant - Bleu - Flexible - 45 cm,280,280
Lustre CERCHIO avec fil en jute M2,https://baity.tn/30297-home_default/lustre-cerchio-avec-fil-en-jute-m2.jpg,Lustre CERCHIO avec fil en jute M2,280,280
Lustre CERCHIO avec fil en jute M1,https://baity.tn/30298-home_default/lustre-cerchio-avec-fil-en-jute-m1.jpg,Lustre CERCHIO avec fil en jute M1,280,280
Lustre CERCHIO avec fil en jute M3,https://baity.tn/30299-home_default/lustre-cerchio-avec-fil-en-jute-m3.jpg,Lustre CERCHIO avec fil en jute M3,280,280
Lustre IZZATO Naturel avec fil en jute M1,https://baity.tn/31706-home_default/lustre-izzato-naturel-avec-fil-en-jute-m1.jpg,Lustre IZZATO Naturel avec fil en jute M1,280,280
Lustre IZZATO Blanc avec fil en jute M2,https://baity.tn/31707-home_default/lustre-izzato-blanc-avec-fil-en-jute-m2.jpg,Lustre IZZATO Blanc avec fil en jute M2,280,280
Lustre IZZATO Noir avec fil en jute M1,https://baity.tn/31708-home_default/lustre-izzato-noir-avec-fil-en-jute-m1.jpg,Lustre IZZATO Noir avec fil en jute M1,280,280
Lustre PERA NOIRE avec fil en jute M2,https://baity.tn/31709-home_default/lustre-pera-noire-avec-fil-en-jute-m2.jpg,Lustre PERA NOIRE avec fil en jute M2,280,280
Lustre PERA NOIRE avec fil en jute M1,https://baity.tn/31710-home_default/lustre-pera-noire-avec-fil-en-jute-m1.jpg,Lustre PERA NOIRE avec fil en jute M1,280,280
Lustre CERCHIO Naturel avec fil en jute M1,https://baity.tn/31711-home_default/lustre-cerchio-naturel-avec-fil-en-jute-m1.jpg,Lustre CERCHIO Naturel avec fil en jute M1,280,280
Radiance Pack de 4 lampes led - 20W E27 - 6500K - A80 Blanc,https://baity.tn/21080-home_default/radiance-pack-de-4-lampes-led-20w-e27-6500k-a80-blanc.jpg,Radiance Pack de 4 lampes led - 20W E27 - 6500K - A80 Blanc,280,280
Radiance Pack de 4 lampes led - 14W E27 - 6500K - A60 Blanc,https://baity.tn/21097-home_default/radiance-pack-de-4-lampes-led-14w-e27-6500k-a60-blanc.jpg,Radiance Pack de 4 lampes led - 14W E27 - 6500K - A60 Blanc,280,280
Radiance Pack de 4 lampes led - 7W - E27 - 6500K - A60 Blanc,https://baity.tn/20950-home_default/radiance-pack-de-4-lampes-led-7w-e27-6500k-a60-blanc.jpg,Radiance Pack de 4 lampes led - 7W - E27 - 6500K - A60 Blanc,280,280
Radiance Pack de 4 lampes led - 12W - E27 - 6500K - A60 Blanc,https://baity.tn/21020-home_default/radiance-pack-de-4-lampes-led-12w-e27-6500k-a60-blanc.jpg,Radiance Pack de 4 lampes led - 12W - E27 - 6500K - A60 Blanc,280,280
Radiance Pack de 4 lampes led - 12W - B22 - 6500K - A60 Blanc,https://baity.tn/21101-home_default/radiance-pack-de-4-lampes-led-12w-b22-6500k-a60-blanc.jpg,Radiance Pack de 4 lampes led - 12W - B22 - 6500K - A60 Blanc,280,280
Pack 5 - Ampoule Led E14 - 5W,https://baity.tn/29816-home_default/pack-5-ampoule-led-e14-5w.jpg,Pack 5 - Ampoule Led E14 - 5W,280,280
Lampe de chevet - Veilleuse - Bois et Tissus - Cylindrique - Blanc Cassé,https://baity.tn/28818-home_default/lampe-de-chevet-veilleuse-bois-et-tissus-cylindrique-blanc-casse.jpg,Lampe de chevet - Veilleuse - Bois et Tissus - Cylindrique - Blanc Cassé,280,280
Abat jour en Céramique Noir,https://baity.tn/3807-home_default/abat-jour-en-ceramique-noir.jpg,Abat jour en Céramique Noir,280,280
Abat jour en Céramique Rouge,https://baity.tn/3808-home_default/abat-jour-en-ceramique-rouge.jpg,Abat jour en Céramique Rouge,280,280
Ampoule Led - Multi-couleur,https://baity.tn/10003-home_default/ampoule-led-haut-parleur-bluetooth-multicouleur.jpg,Ampoule Led - Multi-couleur,280,280
Lampe de secours solaire rechargeable avec lumière,https://baity.tn/30584-home_default/lampe-de-secours-solaire-rechargeable-avec-lumiere.jpg,Lampe de secours solaire rechargeable avec lumière,280,280
CERCHIO AVEC FIL JAUNE,https://baity.tn/32897-home_default/cerchio-avec-fil-jaune.jpg,CERCHIO AVEC FIL JAUNE,280,280
CERCHIO AVEC FIL BLEU,https://baity.tn/32898-home_default/cerchio-avec-fil-bleu.jpg,CERCHIO AVEC FIL BLEU,280,280
CERCHIO AVEC FIL VILOLE,https://baity.tn/32899-home_default/cerchio-avec-fil-vilole.jpg,CERCHIO AVEC FIL VILOLE,280,280
Canapé convertible 3 places Luxy  moderne 190*155,https://baity.tn/31478-home_default/canape-convertible-3-places-luxy-moderne-l190cmh97cmp94cm.jpg,Canapé convertible 3 places Luxy  moderne 190*155,280,280
Canapé convertible 3 places Luxy  moderne 190*155,https://baity.tn/31487-home_default/canape-convertible-3-places-luxy-moderne-l190cmh97cmp94cm.jpg,Canapé convertible 3 places Luxy  moderne 190*155,280,280
Canapé convertible Marseille- 190*155 - Gris claire,https://baity.tn/14112-home_default/canape-convertible-marseille-190155-gris-claire.jpg,Canapé convertible Marseille- 190*155 - Gris claire,280,280
Canapé convertible Marseille - 190*155 - Vert,https://baity.tn/14083-home_default/canape-convertible-marseille-190155-vert.jpg,Canapé convertible Marseille - 190*155 - Vert,280,280
Canapé Convertible Strasbourg -3 places - Gris charbon,https://baity.tn/29349-home_default/canape-convertible-strasbourg-3-places-gris-charbon.jpg,Canapé Convertible Strasbourg -3 places - Gris charbon,280,280
Canapé Convertible Strasbourg -3 places - Gris clair,https://baity.tn/29398-home_default/canape-convertible-strasbourg-3-places-gris.jpg,Canapé Convertible Strasbourg -3 places - Gris clair,280,280
Canapé convertible Cécilia - 190*155 - Beige,https://baity.tn/13871-home_default/canape-convertible-cecilia-190155-beige.jpg,Canapé convertible Cécilia - 190*155 - Beige,280,280
FAUTEUIL CONVERTIBLE COSY- 90*190 - Gris,https://baity.tn/27825-home_default/fauteuil-convertible-cosy-90190-beige.jpg,FAUTEUIL CONVERTIBLE COSY- 90*190 - Gris,280,280
FAUTEUIL CONVERTIBLE COSY- 90*190 - JAUNE,https://baity.tn/29937-home_default/fauteuil-convertible-cosy-90190-jaune.jpg,FAUTEUIL CONVERTIBLE COSY- 90*190 - JAUNE,280,280
Canapé convertible 3 places Odessa moderne 190*190,https://baity.tn/32564-home_default/canape-convertible-3-places-odessa-moderne-190155.jpg,Canapé convertible 3 places Odessa moderne 190*190,280,280
Ensemble canapé et fauteuil convertible MISA-Bleu Ciel,https://baity.tn/27020-home_default/ensemble-canape-et-fauteuil-convertible-misa-bleu-ciel.jpg,Ensemble canapé et fauteuil convertible MISA-Bleu Ciel,280,280
Séjour convertible vienne-265*200-Beige - avec coffre,https://baity.tn/18856-home_default/sejour-convertible-vienne-265200-beige-avec-coffre.jpg,Séjour convertible vienne-265*200-Beige - avec coffre,280,280
Fauteuil convertible Laura- 120*190 - Rouge,https://baity.tn/26640-home_default/fauteuil-convertible-laura-120190-rouge.jpg,Fauteuil convertible Laura- 120*190 - Rouge,280,280
Fauteuil convertible Laura- 90*190 - GRIS CHARBON,https://baity.tn/15730-home_default/fauteuil-convertible-laura-90190-gris-charbon.jpg,Fauteuil convertible Laura- 90*190 - GRIS CHARBON,280,280
Séjour convertible vienne sans coffre -265*200-Beige,https://baity.tn/13431-home_default/sejour-convertible-vienne-265200-beige.jpg,Séjour convertible vienne sans coffre -265*200-Beige,280,280
Canapé Convertible Marseille -3 places - BLEU,https://baity.tn/14117-home_default/canape-convertible-marseille-3-places-bleu.jpg,Canapé Convertible Marseille -3 places - BLEU,280,280
Canapé convertible Cécilia- 190*155 - Gris charbon,https://baity.tn/14114-home_default/canape-convertible-cecilia-190155-gris-charbon.jpg,Canapé convertible Cécilia- 190*155 - Gris charbon,280,280
Canapé d'angle réversible + Coffre de rangement-223 x P 150 cm-Gris,https://baity.tn/13449-home_default/canape-d-angle-reversible-coffre-de-rangement-223-x-p-150-cm-gris.jpg,Canapé d'angle réversible + Coffre de rangement-223 x P 150 cm-Gris,280,280
ENSEMBLE CANAPÉ ET FAUTEUIL CONVERTIBLE MISA-Gris,https://baity.tn/27030-home_default/ensemble-canape-et-fauteuil-convertible-misa-gris.jpg,ENSEMBLE CANAPÉ ET FAUTEUIL CONVERTIBLE MISA-Gris,280,280
FAUTEUIL CONVERTIBLE COSY- 90*190 - GRIS CLAIR,https://baity.tn/27821-home_default/fauteuil-convertible-cosy-90190-gris-clair.jpg,FAUTEUIL CONVERTIBLE COSY- 90*190 - GRIS CLAIR,280,280
FAUTEUIL CONVERTIBLE COSY- 90*190 - GRIS CHARBON,https://baity.tn/27823-home_default/fauteuil-convertible-cosy-90190-gris-charbon.jpg,FAUTEUIL CONVERTIBLE COSY- 90*190 - GRIS CHARBON,280,280
Canapé d'angle Convertible -Gris Clair,https://baity.tn/14362-home_default/canape-d-angle-convertible-gris-clair.jpg,Canapé d'angle Convertible -Gris Clair,280,280
ENSEMBLE CANAPÉ ET FAUTEUIL CONVERTIBLE MISA-BLEU,https://baity.tn/27039-home_default/ensemble-canape-et-fauteuil-convertible-misa-bleu.jpg,ENSEMBLE CANAPÉ ET FAUTEUIL CONVERTIBLE MISA-BLEU,280,280
Lit Pina - MDF Stratifié,https://baity.tn/1059-home_default/lit-pina-mdf-stratifie.jpg,Lit Pina - MDF Stratifié,280,280
Lit enfant JIMI - 90*190cm-Blanc,https://baity.tn/26931-home_default/lit-enfant-jimi-90190cm-blanc.jpg,Lit enfant JIMI - 90*190cm-Blanc,280,280
Lit avec tiroir - Bois MDF - Chêne,https://baity.tn/624-home_default/lit-avec-tiroir-bois-mdf-chene.jpg,Lit avec tiroir - Bois MDF - Chêne,280,280
LIT ENFANT JIMI - 90*190CM -CHENE _MDF stratifié. ,https://baity.tn/27050-home_default/lit-enfant-jimi-90190cm-chene.jpg,LIT ENFANT JIMI - 90*190CM -CHENE _MDF stratifié. ,280,280
Lit Mezzanine - Yassmine- Bois MDF Stratifié -190*90 cm - Bleu,https://baity.tn/7923-home_default/lit-mezzanine-yassmine-bois-mdf-stratifie-19090-cm-bleu.jpg,Lit Mezzanine - Yassmine- Bois MDF Stratifié -190*90 cm - Bleu,280,280
Lit avec un deux Tiroirs blanc -une place 90*190cm,https://baity.tn/429-home_default/lit-avec-tiroir-blanc.jpg,Lit une place,280,280
Lit Bergerac - Bois MDF Stratifié -  Rose fushia  - 240 x 180 - Grège / Blanc,https://baity.tn/10671-home_default/lit-bergerac-bois-mdf-stratifie-rose-fushia-240-x-180-grege-blanc.jpg,Lit Bergerac - Bois MDF Stratifié -  Rose fushia  - 240 x 180 - Grège / Blanc,280,280
Lit gigogne enfant avec multiples rangements - 90x190 cm,https://baity.tn/28484-home_default/lit-gigogne-enfant-avec-multiples-rangements-90x190-cm.jpg,Lit gigogne enfant avec multiples rangements - 90x190 cm,280,280
Lit capitonnée-90*190cm-Gris,https://baity.tn/26984-home_default/lit-capitonnee-90190cm-gris.jpg,Lit capitonnée-90*190cm-Gris,280,280
Lit enfant  gris foncé -195*95*95 cm -,https://baity.tn/3180-home_default/lit-enfant-1959595-cm-bois-clair-gris-fonce.jpg,Lit enfant  gris foncé -195*95*95 cm -,280,280
Lit enfant et adulte - chêne  90/120*190,https://baity.tn/627-home_default/lit-enfant-et-adulte-chene.jpg,Lit enfant et adulte - chêne  90/120*190,280,280
Lit avec tiroirs et rangements,https://baity.tn/634-home_default/lit-avec-tiroirs-et-rangements.jpg,Lit avec tiroirs et rangements,280,280
Lit blanc avec tiroir - Blanc  _ 90*190,https://baity.tn/620-home_default/lit-blanc-avec-tiroir-blanc.jpg,Lit blanc avec tiroir - Blanc  _ 90*190,280,280
Lit Mezzanine - Yassmine- Bois MDF Stratifié -190*90 cm - Rose,https://baity.tn/7922-home_default/lit-mezzanine-yassmine-bois-mdf-stratifie-19090-cm-rose.jpg,Lit Mezzanine - Yassmine- Bois MDF Stratifié -190*90 cm - Rose,280,280
Lit Salima - 90*190 - Gris,https://baity.tn/18351-home_default/lit-salima-90190-gris.jpg,Lit Salima - 90*190 - Gris,280,280
Lit LAPINO - 90*190 cm- Bois - chêne,https://baity.tn/26915-home_default/lit-lapino-90190cm-bois-chene.jpg,Lit LAPINO - 90*190 cm- Bois - chêne,280,280
Lit cabane TIPI - BLANC _90 * 190 cm blanc ,https://baity.tn/19305-home_default/lit-cabane-tipi-blanc.jpg,Lit cabane TIPI - BLANC _90 * 190 cm blanc ,280,280
LIT SALIMA - 90*190 - BLEU,https://baity.tn/18352-home_default/lit-salima-90190-bleu.jpg,LIT SALIMA - 90*190 - BLEU,280,280
Lit superposé - chêne et noir -90*190 cm,https://baity.tn/18391-home_default/lit-superpose-chene-et-noir.jpg,Lit superposé - chêne et noir -90*190 cm,280,280
LIT CAPITONNÉ LISA - NOIR,https://baity.tn/18354-home_default/lit-capitonne-pour-adulte-lisa-noir.jpg,LIT CAPITONNÉ LISA - NOIR,280,280
LIT CAPITONNÉ UNE PLACE - MDF STRATIFIÉ - 90*190,https://baity.tn/14104-home_default/lit-capitonne-une-place-mdf-stratifie-90190.jpg,LIT CAPITONNÉ UNE PLACE - MDF STRATIFIÉ - 90*190,280,280
Lit junior capitonné-Gris -    velours  90*190,https://baity.tn/16897-home_default/lit-junior-capitonne-gris.jpg,Lit junior capitonné-Gris -    velours  90*190,280,280
Lit enfant combiné ERIC-chêne et blanc,https://baity.tn/28483-home_default/lit-enfant-combine-eric-chene-et-blanc.jpg,Lit enfant combiné ERIC-chêne et blanc,280,280
LIT CAPITONNÉ POUR ADULTE LISA - BLEU,https://baity.tn/18353-home_default/lit-capitonne-pour-adulte-lisa-bleu.jpg,LIT CAPITONNÉ POUR ADULTE LISA - BLEU,280,280
LIT ENFANT AVEC TÊTE DE LIT CABINE DE PLAGE - 90*190 cm - BLANC,https://baity.tn/19302-home_default/lit-enfant-avec-tete-de-lit-cabine-de-plage-90190-cm-blanc.jpg,LIT ENFANT AVEC TÊTE DE LIT CABINE DE PLAGE - 90*190 cm - BLANC,280,280
Lit Mezzanine - Yassmine- Bois MDF Stratifié -190*90 cm - Rouge,https://baity.tn/7921-home_default/lit-mezzanine-yassmine-bois-mdf-stratifie-19090-cm-rouge.jpg,Lit Mezzanine - Yassmine- Bois MDF Stratifié -190*90 cm - Rouge,280,280
Lit gigogne avec rangement multiple - Blanc,https://baity.tn/629-home_default/lit-gigogne-avec-rangement-multiple-blanc.jpg,Lit gigogne avec rangement multiple - Blanc,280,280
Lit avec case de rangement - Blanc,https://baity.tn/23271-home_default/lit-avec-case-de-rangement-blanc.jpg,Lit avec case de rangement - Blanc,280,280
LIT AVEC RANGEMENT - 120*190 cm - Blanc,https://baity.tn/7908-home_default/lit-avec-rangement-bois-mdf-stratifie-120190-cm-blanc.jpg,LIT AVEC RANGEMENT - 120*190 cm - Blanc,280,280
Lit combiné Haroun-chêne et noir-90*190cm,https://baity.tn/28490-home_default/lit-combine-haroun-chene-et-noir-90190cm.jpg,Lit combiné Haroun-chêne et noir-90*190cm,280,280
Lit enfant KAISER-Blanc-90*190cm,https://baity.tn/28486-home_default/lit-enfant-kaiser-blanc-90190cm.jpg,Lit enfant KAISER-Blanc-90*190cm,280,280
lit Asami - 90 x 190 -support blenz -,https://baity.tn/32617-home_default/lit-asami-90-x-190-support-blenz-.jpg,lit Asami - 90 x 190 -support blenz -,280,280
Bureau  Blanc avec étagères| Blanc,https://baity.tn/11709-home_default/bureau-blanc-avec-etageres-blanc.jpg,Bureau  Blanc avec étagères| Blanc,280,280
Bureau mural - 80*60*45 cm - Bois MDF stratifié - blanc,https://baity.tn/28555-home_default/bureau-mural-806045-cm-bois-mdf-stratifie-blanc.jpg,Bureau mural - 80*60*45 cm - Bois MDF stratifié - blanc,280,280
Bureau mural - 80*52*60 cm - Bois MDF stratif - chêne,https://baity.tn/16136-home_default/bureau-mural-chene.jpg,Bureau mural - 80*52*60 cm - Bois MDF stratif - chêne,280,280
Bureau murale chene avec rangement,https://baity.tn/16139-home_default/bureau-murale-chene-avec-rangement.jpg,Bureau murale chene avec rangement,280,280
Bureau design blanc - 150*140*60 - Bois MDF stratifié,https://baity.tn/553-home_default/bureau-design-blanc.jpg,Bureau design blanc - 150*140*60 - Bois MDF stratifié,280,280
Bureau junior|Blanc - 120*75*50 - Bois MDF stratifié,https://baity.tn/16822-home_default/bureau-juniorblanc.jpg,Bureau junior|Blanc - 120*75*50 - Bois MDF stratifié,280,280
Bureau le prine blanc 80x75x45 cm _MDF stratifié ,https://baity.tn/16108-home_default/bureau-le-prine-blanc-80x75x45-cm.jpg,Bureau le prine blanc 80x75x45 cm _MDF stratifié ,280,280
Bureau Pliable Moderne ADAM  140 x 76 x 45 cm - Bois Mdf Stratifié,https://baity.tn/32438-home_default/bureau-pliable-moderne-adam-140-x-76-x-45-cm-bois-mdf-stratifie.jpg,Bureau Pliable Moderne ADAM  140 x 76 x 45 cm - Bois Mdf Stratifié,280,280
"Bureau Pliant avec chaise - 120*90*45 cm - Bois MDF stratifié - blanc, chêne",https://baity.tn/25459-home_default/bureau-pliant-avec-chaise-1209045-cm-bois-mdf-stratifie-blanc-chene.jpg,"Bureau Pliant avec chaise - 120*90*45 cm - Bois MDF stratifié - blanc, chêne",280,280
Bureau le prine chene - 80*75*45,https://baity.tn/16109-home_default/bureau-le-prine-chene-807545.jpg,Bureau le prine chene - 80*75*45,280,280
Bureau avec étagères  pour enfant - 100*75*50,https://baity.tn/16758-home_default/bureau-pour-enfant.jpg,Bureau avec étagères  pour enfant - 100*75*50,280,280
Bureau Népal - Bois MDF - Blanc - 150*130*60,https://baity.tn/9394-home_default/bureau-nepal-bois-mdf-blanc.jpg,Bureau Népal - Bois MDF - Blanc - 150*130*60,280,280
Bureau chene avec tiroir - 100*75*50 - Bois MDF stratifié,https://baity.tn/16104-home_default/bureau-chene-avec-tiroir.jpg,Bureau chene avec tiroir - 100*75*50 - Bois MDF stratifié,280,280
Bureau d'angle avec bibliothèque - Chêne clair ,https://baity.tn/7917-home_default/bureau-d-angle-avec-bibliotheque-chene-clair.jpg,Bureau d'angle avec bibliothèque - Chêne clair ,280,280
BUREAU BLANC AVEC TIROIR,https://baity.tn/20140-home_default/bureau-blanc-avec-tiroir.jpg,BUREAU BLANC AVEC TIROIR,280,280
Bureau avec tiroir-MDF stratifié-90*75*50cm,https://baity.tn/30080-home_default/bureau-avec-tiroir-mdf-stratifie-907550cm.jpg,Bureau avec tiroir-MDF stratifié-90*75*50cm,280,280
Bureau junior - 120*75*50 cm - Bois MDF stratifié - Blanc et chêne sonoma ,https://baity.tn/16824-home_default/bureau-junior-blanc-et-chene-sonoma.jpg,Bureau junior - 120*75*50 cm - Bois MDF stratifié - Blanc et chêne sonoma ,280,280
Table d'Ordinateur Avec Étagère Bureau,https://baity.tn/29957-home_default/table-d-ordinateur-avec-etagere-bureau.jpg,Table d'Ordinateur Avec Étagère Bureau,280,280
Bureau enfant style industrielle-120*75*50cm,https://baity.tn/30070-home_default/bureau-enfant-style-industrielle-1207550cm.jpg,Bureau enfant style industrielle-120*75*50cm,280,280
Bureau Népal simple et adorable - 150*130*60 - Bois MDF stratifié,https://baity.tn/1358-home_default/bureau-nepal-simple-et-adorable.jpg,Bureau Népal simple et adorable - 150*130*60 - Bois MDF stratifié,280,280
Bureau enfant 1 tablette-MDF et fer-120*135*60cm,https://baity.tn/30071-home_default/bureau-enfant-1-tablette-mdf-et-fer-12013560cm.jpg,Bureau enfant 1 tablette-MDF et fer-120*135*60cm,280,280
Bureau droit à clés avec 1 porte et 4 tiroirs-MDF stratifié-130*80*50cm,https://baity.tn/30074-home_default/bureau-droit-a-cles-avec-1-porte-et-4-tiroirs-mdf-stratifie-1207550cm.jpg,Bureau droit à clés avec 1 porte et 4 tiroirs-MDF stratifié-130*80*50cm,280,280
Bureau 2 tiroirs-MDF stratifié & bois-120*75*50cm,https://baity.tn/30081-home_default/bureau-2-tiroirs-mdf-stratifie-bois-1207550cm.jpg,Bureau 2 tiroirs-MDF stratifié & bois-120*75*50cm,280,280
BUREAU BIBLIOTHÈQUE - 170*75*60 CM - BLEU & CHÊNE,https://baity.tn/19311-home_default/bureau-bibliotheque-1707560-cm-bleu-chene.jpg,BUREAU BIBLIOTHÈQUE - 170*75*60 CM - BLEU & CHÊNE,280,280
Bureau Pliable SALIM pour enfant L117cm*H76cm*P50cm - Chêne Bois MDF stratifié,https://baity.tn/32130-home_default/bureau-pliable-arlegno-pour-enfant-l117cmh76cmp50cm-chene-bois-mdf-stratifie.jpg,Bureau Pliable SALIM pour enfant L117cm*H76cm*P50cm - Chêne Bois MDF stratifié,280,280
Bureau scandinave blanc avec deux tiroires,https://baity.tn/16112-home_default/bureau-scandinave-blanc-avec-deux-tiroires.jpg,Bureau scandinave blanc avec deux tiroires,280,280
Bureau scandinave Chêne avec deux tiroires,https://baity.tn/32490-home_default/bureau-scandinave-chene-avec-deux-tiroires.jpg,Bureau scandinave Chêne avec deux tiroires,280,280
Bureau Blanc avec retour 120*75*60cm,https://baity.tn/1332-home_default/bureau-blanc-avec-retour-1207560cm.jpg,Bureau Blanc avec retour 120*75*60cm,280,280
bureau avec tiroir,https://baity.tn/555-home_default/bureau-avec-tiroir.jpg,bureau avec tiroir,280,280
"Table bureau avec étagères, cadre métallique, 120x64x120cm, chêne & blanc",https://baity.tn/20660-home_default/table-bureau-avec-etageres-cadre-metallique-120x64x120cm-chene-blanc.jpg,"Table bureau avec étagères, cadre métallique, 120x64x120cm, chêne & blanc",280,280
"Bureau scandinave - 120*75*50 cm - Bois MDF Stratifié - Blanc, bleu, chêne ",https://baity.tn/19315-home_default/bureau-scandinave-blanc-avec-deux-tiroires.jpg,"Bureau scandinave - 120*75*50 cm - Bois MDF Stratifié - Blanc, bleu, chêne ",280,280
BUREAU DESIGN Ebony et blanc,https://baity.tn/14195-home_default/bureau-design-ebony-et-blanc.jpg,BUREAU DESIGN Ebony et blanc,280,280
bureau moderne-150*140*60cm,https://baity.tn/559-home_default/bureau-moderne-15014060cm.jpg,bureau moderne-150*140*60cm,280,280
Bureau enfant -120*80*50cm-Blanc & marron,https://baity.tn/27891-home_default/bureau-enfant-blanc-marron.jpg,Bureau enfant -120*80*50cm-Blanc & marron,280,280
Bureau Scandinave  - Bois MDF Stratifié - 150*120*60 cm - Blanc  ,https://baity.tn/8016-home_default/bureau-scandinave-bois-mdf-stratifie-15012060-cm-blanc.jpg,Bureau Scandinave  - Bois MDF Stratifié - 150*120*60 cm - Blanc  ,280,280
Bureau pour enfant scandinave Blanc - 150*150*60 - Bois MDF Stratifié,https://baity.tn/615-home_default/bureau-scandinave.jpg,Bureau pour enfant scandinave Blanc - 150*150*60 - Bois MDF Stratifié,280,280
Bureau pour enfant scandinave blanc  4 tiroirs - 120*75*60,https://baity.tn/16118-home_default/bureau-scandinave-blanc-4-tiroirs.jpg,Bureau pour enfant scandinave blanc  4 tiroirs - 120*75*60,280,280
Bureau enfant avec 3 tiroirs et 1 niche-chêne et blanc,https://baity.tn/28480-home_default/bureau-enfant-avec-3-tiroirs-et-1-niche-chene-et-blanc.jpg,Bureau enfant avec 3 tiroirs et 1 niche-chêne et blanc,280,280
Bureau industriel-MDF & fer-120*75*60cm,https://baity.tn/30073-home_default/bureau-industriel-mdf-fer-1207560cm.jpg,Bureau industriel-MDF & fer-120*75*60cm,280,280
bureau design blanc 136*75*50cm,https://baity.tn/30913-home_default/bureau-design-blanc-1367550cm.jpg,bureau design blanc 136*75*50cm,280,280
"Chambre à coucher pour enfant Emna - Bois MDF stratifié - Blanc, Rose",https://baity.tn/6754-home_default/chambre-emna-blanc-rose.jpg,"Chambre à coucher pour enfant Emna - Bois MDF stratifié - Blanc, Rose",280,280
Chambre à coucher pour enfant Rosalie - Bois MDF stratifié,https://baity.tn/32358-home_default/chambre-a-coucher-pour-enfant-rosalie-bois-mdf-stratifie.jpg,Chambre à coucher pour enfant Rosalie - Bois MDF stratifié,280,280
Chambre à coucher Bergerac sans bureau - Bois MDF Stratifié - Rose Fushia,https://baity.tn/6807-home_default/chambre-bergerac-sur-mesure-bois-mdf-stratifie-rose-fushia.jpg,Chambre à coucher Bergerac sans bureau - Bois MDF Stratifié - Rose Fushia,280,280
Chambre à coucher  Fares pour enfant - chêne et blanc,https://baity.tn/28491-home_default/chambre-enfant-fares-chene-et-blanc.jpg,Chambre à coucher  Fares pour enfant - chêne et blanc,280,280
Chambre à coucher pour enfant ZAYN - bois MDF stratifié,https://baity.tn/32355-home_default/chambre-a-coucher-pour-enfant-zayn-bois-mdf-stratifie.jpg,Chambre à coucher pour enfant ZAYN - bois MDF stratifié,280,280
chambre à coucher pour enfant Melek - bois Mdf stratifié,https://baity.tn/32499-home_default/chambre-a-coucher-pour-enfant-erika-bois-mdf-stratifie.jpg,chambre à coucher pour enfant Melek - bois Mdf stratifié,280,280
"Chambre à coucher pour enfant Skander - Bois MDF stratifié - Blanc, chêne ",https://baity.tn/1029-home_default/chambre-a-coucher-pour-enfant-skander-bois-mdf-stratifie-blanc-chene.jpg,"Chambre à coucher pour enfant Skander - Bois MDF stratifié - Blanc, chêne ",280,280
Chambre Jumeaux pour enfant Julia - Bois MDF stratifié,https://baity.tn/32406-home_default/chambre-jumeaux-pour-enfant-julia-bois-mdf-stratifie.jpg,Chambre Jumeaux pour enfant Julia - Bois MDF stratifié,280,280
Lit gigogne enfant avec multiples rangements - 90x190 cm,https://baity.tn/28484-home_default/lit-gigogne-enfant-avec-multiples-rangements-90x190-cm.jpg,Lit gigogne enfant avec multiples rangements - 90x190 cm,280,280
"Chambre à coucher cyrine pour enfant - Bois MDF stratifié - Jaune, Gris",https://baity.tn/1319-home_default/chambre-cyrine-de-couleur-raffine.jpg,"Chambre à coucher cyrine pour enfant - Bois MDF stratifié - Jaune, Gris",280,280
"Chambre à coucher pour enfant Skander - Bois MDF stratifié - chêne, blanc ",https://baity.tn/15991-home_default/chambre-a-coucher-pour-enfant-skander-bois-mdf-stratifie-chene-blanc.jpg,"Chambre à coucher pour enfant Skander - Bois MDF stratifié - chêne, blanc ",280,280
CHAMBRE à coucher -  JEUNESSE YESSMINE - BLANC&CHÊNE,https://baity.tn/32320-home_default/chambre-jeunesse-yessmine-blancchene.jpg,CHAMBRE à coucher -  JEUNESSE YESSMINE - BLANC&CHÊNE,280,280
Chambre à coucher pour enfant Zoé - Bois MDF stratifié,https://baity.tn/32356-home_default/chambre-a-coucher-pour-enfant-zoe-bois-mdf-stratifie.jpg,Chambre à coucher pour enfant Zoé - Bois MDF stratifié,280,280
Chambre à coucher pour enfant Haroun  - Bois MDF stratifiée - Chêne & Blanc ,https://baity.tn/8767-home_default/chambre-haroun-bois-mdf-s-stratifiee-chene-blanc.jpg,Chambre à coucher pour enfant Haroun  - Bois MDF stratifiée - Chêne & Blanc ,280,280
Chambre à coucher pour enfant Jade : Bois MDF stratifié,https://baity.tn/32360-home_default/chambre-a-coucher-pour-enfant-jade-bois-mdf-stratifie.jpg,Chambre à coucher pour enfant Jade : Bois MDF stratifié,280,280
Chambre Jumeaux deux lits - MDF stratifié - 320 x 240 x 50  -  Chêne et Bleu,https://baity.tn/16135-home_default/chambre-jumeaux-deux-lits-chene-et-bleu.jpg,Chambre Jumeaux deux lits - MDF stratifié - 320 x 240 x 50  -  Chêne et Bleu,280,280
Chambre à coucher Titou pour enfant jaune et Blanc - Bois MDF stratifié,https://baity.tn/31892-home_default/chambre-a-coucher-titou-pour-enfant-jaune-et-blanc-bois-mdf-stratifie.jpg,Chambre à coucher Titou pour enfant jaune et Blanc - Bois MDF stratifié,280,280
Chambre à coucher Darine pour enfant Blanc et Rose - Bois MDF stratifié,https://baity.tn/31889-home_default/chambre-a-coucher-darine-pour-enfant-blanc-et-rose-bois-mdf-stratifie.jpg,Chambre à coucher Darine pour enfant Blanc et Rose - Bois MDF stratifié,280,280
chambre à coucher pour enfant Robert - Bois MDF stratifié - Blanc,https://baity.tn/18361-home_default/ensemble-de-chambre-d-enfants-blanc.jpg,chambre à coucher pour enfant Robert - Bois MDF stratifié - Blanc,280,280
"Chambre à coucher pour enfant Emma - Bois MDF stratifié - Blanc, Rose bébé ",https://baity.tn/18324-home_default/chambre-emna-blanc-rose-bebe.jpg,"Chambre à coucher pour enfant Emma - Bois MDF stratifié - Blanc, Rose bébé ",280,280
Chambre à coucher Omar - Bois MDF stratifié - Blanc,https://baity.tn/8035-home_default/chambre-omar-bois-mdf-stratifie-blanc.jpg,Chambre à coucher Omar - Bois MDF stratifié - Blanc,280,280
Chambre à coucher pour enfant Skander armoire 3 portes - Bois  MDF stratifié - gris et blanc ,https://baity.tn/16128-home_default/chambre-a-coucher-pour-enfant-skander-armoire-3-portes-bois-mdf-stratifie-gris-et-blanc.jpg,Chambre à coucher pour enfant Skander armoire 3 portes - Bois  MDF stratifié - gris et blanc ,280,280
Chambre à coucher EVA-chêne et blanc,https://baity.tn/28477-home_default/chambre-enfant-eva-chene-et-blanc.jpg,Chambre à coucher EVA-chêne et blanc,280,280
Lit enfant combiné ERIC-chêne et blanc,https://baity.tn/28483-home_default/lit-enfant-combine-eric-chene-et-blanc.jpg,Lit enfant combiné ERIC-chêne et blanc,280,280
"Chambre à coucher line pour enfant - Bois MDF Stratifié - Blanc, Beige, Rose",https://baity.tn/18331-home_default/chambre-line-tres-elegante-et-raffine-rose-blanc-beige-mdf-stratifie-moderne.jpg,"Chambre à coucher line pour enfant - Bois MDF Stratifié - Blanc, Beige, Rose",280,280
"Chambre à coucher pour enfant Amir - Bois MDF stratifié - Blanc, Chêne",https://baity.tn/1026-home_default/chambre-amir-mdf.jpg,"Chambre à coucher pour enfant Amir - Bois MDF stratifié - Blanc, Chêne",280,280
Chambre Rami très magnifique et élégante,https://baity.tn/605-home_default/chambre-rami-tres-magnifique-et-elegante.jpg,Chambre Rami très magnifique et élégante,280,280
Chambre enfant avec lit superposé - chêne et blanc - 90 *190 cm ,https://baity.tn/3842-home_default/chambre-enfant-avec-lit-superpose-chene-et-blanc.jpg,Chambre enfant avec lit superposé - chêne et blanc - 90 *190 cm ,280,280
"Chambre à coucher pour enfant Emna - Bois MDF stratifié - Blanc, Gris",https://baity.tn/6312-home_default/chambre-emna-gris-blanc.jpg,"Chambre à coucher pour enfant Emna - Bois MDF stratifié - Blanc, Gris",280,280
chambre à coucher Rima - MDF Stratifié - Blanc & Jaune ,https://baity.tn/8745-home_default/chambre-rima-mdf-stratifie-blanc-jaune.jpg,chambre à coucher Rima - MDF Stratifié - Blanc & Jaune ,280,280
Chambre jumeaux -blanc - MDF stratifié,https://baity.tn/644-home_default/chambre-jumeaux-blanc-tres-adorable-mdf-stratifie.jpg,Chambre jumeaux -blanc - MDF stratifié,280,280
"Chambre à Coucher line pour enfant  - Bois MDF stratifié -  Blanc, bleu",https://baity.tn/5584-home_default/chambre-a-coucher-complete-fille-line.jpg,"Chambre à Coucher line pour enfant  - Bois MDF stratifié -  Blanc, bleu",280,280
"Chambre à coucher pour enfant  Jumeaux - Bois MDF stratifié - chêne, marron",https://baity.tn/16749-home_default/chambre-jumeaux-deux-lits-chene-et-marron.jpg,"Chambre à coucher pour enfant  Jumeaux - Bois MDF stratifié - chêne, marron",280,280
"Chambre à coucher pour enfant Jumeaux - Bois MDF stratifié - blanc, vert d'eau",https://baity.tn/16748-home_default/chambre-jumeaux-deux-lits-blanc-et-vert.jpg,"Chambre à coucher pour enfant Jumeaux - Bois MDF stratifié - blanc, vert d'eau",280,280
"chambre à coucher yahiya  pour enfant - Bois MDF stratifié - Marron, Bleu, Chêne ",https://baity.tn/2449-home_default/chambre-yahia-moderne-et-innovante.jpg,"chambre à coucher yahiya  pour enfant - Bois MDF stratifié - Marron, Bleu, Chêne ",280,280
"Chambre à coucher complète pour enfant - Bois MDF Stratifie  - Chêne, Blanc",https://baity.tn/5590-home_default/chambre-complete-bois-mdf-stratifie-cheneblanc.jpg,"Chambre à coucher complète pour enfant - Bois MDF Stratifie  - Chêne, Blanc",280,280
"Étagère melody  - 120*167*25 cm - bois MDF stratifié - blanc, chêne",https://baity.tn/24518-home_default/etagere-decorative-melody-mural-de-rangement.jpg,"Étagère melody  - 120*167*25 cm - bois MDF stratifié - blanc, chêne",280,280
Étagère murale - 70*24*4 cm - Bois MDF stratifié - chêne foncé,https://baity.tn/16480-home_default/etagere-murale-chene-fonce-70244-cm.jpg,Étagère murale - 70*24*4 cm - Bois MDF stratifié - chêne foncé,280,280
Etagère mural avec tiroir caché Bois MDF stratifié - Blanc,https://baity.tn/31431-home_default/etagere-mural-avec-tiroir-cache-bois-mdf-stratifie.jpg,Etagère mural avec tiroir caché Bois MDF stratifié - Blanc,280,280
Étagère décorative de coin -50*180*30 cm- Bois MDF stratifié - Blanc,https://baity.tn/24511-home_default/etagere-decorative-de-coin-5018030-cm-bois-mdf-stratifie-blanc.jpg,Étagère décorative de coin -50*180*30 cm- Bois MDF stratifié - Blanc,280,280
"Étagère décorative de coin  - 180*50*30 - Bois MDF stratifié Blanc, chêne",https://baity.tn/4204-home_default/etagere-decoratif-blanc-et-chene-francais.jpg,"Étagère décorative de coin  - 180*50*30 - Bois MDF stratifié Blanc, chêne",280,280
Rangement Moderne - 100*165*25 cm - Bois MDF Stratifié,https://baity.tn/653-home_default/rangement-moderne-10016525-cm-bois-mdf-stratifie-blanc-chene.jpg,Rangement Moderne - 100*165*25 cm - Bois MDF Stratifié,280,280
Etagère mural avec tiroir caché Bois MDF stratifié - Chêne,https://baity.tn/31433-home_default/etagere-mural-avec-tiroir-cache-bois-mdf-stratifie-chene.jpg,Etagère mural avec tiroir caché Bois MDF stratifié - Chêne,280,280
Bibliothèque cubique - 90*160*24 cm - Bois MDF stratifié -  Blanc,https://baity.tn/11593-home_default/organisateur-de-bibliotheque-cubique-bois-mdf-blanc.jpg,Bibliothèque cubique - 90*160*24 cm - Bois MDF stratifié -  Blanc,280,280
Étagère murale - 50*24*4 cm - Bois MDF stratifié - Blanc,https://baity.tn/16479-home_default/etagere-murale-blanc-70244-cm.jpg,Étagère murale - 50*24*4 cm - Bois MDF stratifié - Blanc,280,280
Étagères murales 2 pièces  Blanc  60*3.8,https://baity.tn/29832-home_default/etageres-murales-2-pieces-blanc-6038.jpg,Étagères murales 2 pièces  Blanc  60*3.8,280,280
Etagère Cléopâtre Fer forgé et Bois MDF chêne - H202cm*L100cm*P35cm,https://baity.tn/31953-home_default/etagere-cleopatre-fer-forge-et-bois-mdf-chene-h202cml100cmp35cm.jpg,Etagère Cléopâtre Fer forgé et Bois MDF chêne - H202cm*L100cm*P35cm,280,280
Etagère Cléopâtre Fer forgé et Bois MDF chêne - H200cm*L120cm*P35cm,https://baity.tn/31954-home_default/etagere-cleopatre-fer-forge-et-bois-mdf-chene-h200cml120cmp35cm.jpg,Etagère Cléopâtre Fer forgé et Bois MDF chêne - H200cm*L120cm*P35cm,280,280
Etagère murale décorative-50*100*17cm-Bois MDF stratifié,https://baity.tn/29942-home_default/etagere-murale-decorative-5010017cm-bois-mdf-stratifie.jpg,Etagère murale décorative-50*100*17cm-Bois MDF stratifié,280,280
Etagère Cléopâtre Fer forgé et Bois MDF chêne - H202cm*L120cm*P35cm,https://baity.tn/31952-home_default/etagere-cleopatre-fer-forge-et-bois-mdf-chene-h202cml120cmp35cm.jpg,Etagère Cléopâtre Fer forgé et Bois MDF chêne - H202cm*L120cm*P35cm,280,280
Étagères murales  4 pcs Chêne Sonoma 60x3.8 cm,https://baity.tn/29833-home_default/etageres-murales-4-pcs-chene-sonoma-60x38-cm.jpg,Étagères murales  4 pcs Chêne Sonoma 60x3.8 cm,280,280
Étagère murale Arena - 80*40*20 cm -Bois MDF stratifié - marron,https://baity.tn/3778-home_default/etagere-murale-arena-bois-mdf-stratifie-marron.jpg,Étagère murale Arena - 80*40*20 cm -Bois MDF stratifié - marron,280,280
Etagère Cléopâtre Fer forgé et Bois MDF chêne - H152cm*L130cm*P30cm,https://baity.tn/31902-home_default/etagere-cleopatre-fer-forge-et-bois-mdf-chene-h152cml130cmp30cm.jpg,Etagère Cléopâtre Fer forgé et Bois MDF chêne - H152cm*L130cm*P30cm,280,280
Étagère murale - 70*24*4 cm - Bois MDF stratifié - chêne clair,https://baity.tn/16478-home_default/etagere-murale-a-fixation-invisibe-chene-clair.jpg,Étagère murale - 70*24*4 cm - Bois MDF stratifié - chêne clair,280,280
ÉTAGÈRE MURALE - 50*24*4 CM - BOIS MDF STRATIFIÉ - CHÊNE FONCÉ,https://baity.tn/27181-home_default/etagere-murale-50244-cm-bois-mdf-stratifie-chene-fonce.jpg,ÉTAGÈRE MURALE - 50*24*4 CM - BOIS MDF STRATIFIÉ - CHÊNE FONCÉ,280,280
Lot de 3 Etagères Murales-Blanc,https://baity.tn/27829-home_default/lot-de-3-etageres-murales-blanc.jpg,Lot de 3 Etagères Murales-Blanc,280,280
Etagère escalier 6 niches Blanc/Chêne,https://baity.tn/29814-home_default/etagere-escalier-6-niches-blanc-chene.jpg,Etagère escalier 6 niches Blanc/Chêne,280,280
Étagère - 4 Niveaux  - 45*80*25 cm - Bois MDF  stratifié -  Chêne,https://baity.tn/24506-home_default/etagere-4-niveaux-458025-cm-bois-mdf-stratifie-chene.jpg,Étagère - 4 Niveaux  - 45*80*25 cm - Bois MDF  stratifié -  Chêne,280,280
Étagère décorative de coin - 35*120*30 cm - Bois MDF Stratifié - Blanc,https://baity.tn/2303-home_default/rangement-coin-mdf-stratifie-blanc.jpg,Étagère décorative de coin - 35*120*30 cm - Bois MDF Stratifié - Blanc,280,280
"Bibliothèque murale -40*60/80*25 cm - Bois MDF stratifié - Marron, Blanc",https://baity.tn/24522-home_default/bibliotheque-murale-ebony-et-blanc.jpg,"Bibliothèque murale -40*60/80*25 cm - Bois MDF stratifié - Marron, Blanc",280,280
 Étagère - 2 Niveaux  - 89*42*20 cm - Bois MDF  stratifié -  Blanc ,https://baity.tn/24507-home_default/etagere-2-niveaux-894220-cm-bois-mdf-stratifie-chene.jpg, Étagère - 2 Niveaux  - 89*42*20 cm - Bois MDF  stratifié -  Blanc ,280,280
Bibliothéque Liliane - 120*200*30 cm - Bois MDF stratifié - Blanc,https://baity.tn/402-home_default/rangement-livre-blanc.jpg,RANGEMENT LIVRE,280,280
"Etagère 10 Etagères Bois Marron Moderne 160x44,5x22",https://baity.tn/29834-home_default/etagere-10-etageres-bois-marron-moderne-160x445x22.jpg,"Etagère 10 Etagères Bois Marron Moderne 160x44,5x22",280,280
"Étagère décorative - 120*162*30 cm - bois MDF stratifié - blanc, chêne",https://baity.tn/1042-home_default/etagere-decorative-scandinave.jpg,"Étagère décorative - 120*162*30 cm - bois MDF stratifié - blanc, chêne",280,280
Meuble de Rangement - 120*60*30 cm - Bois MDF stratifié - Blanc ,https://baity.tn/24520-home_default/meuble-de-rangement-bois-mdf-stratifie-blanc.jpg,Meuble de Rangement - 120*60*30 cm - Bois MDF stratifié - Blanc ,280,280
"Bibliothéque murale - 40*60/80*25 cm - Bois MDF stratifié - Marron, Jaune",https://baity.tn/24510-home_default/bibliotheque-murale-ebony-et-jaune.jpg,"Bibliothéque murale - 40*60/80*25 cm - Bois MDF stratifié - Marron, Jaune",280,280
Bibliothéque  - 120*200*25 cm - Bois MDF stratifié - chêne,https://baity.tn/658-home_default/bibliotheque-chene-simple-et-superbe.jpg,Bibliothéque  - 120*200*25 cm - Bois MDF stratifié - chêne,280,280
Bibliothèque avec étagères - 120*200*30 cm - Bois MDF stratifié - Chêne foncé,https://baity.tn/24517-home_default/bibliotheque-avec-des-etageres-magnifiques.jpg,Bibliothèque avec étagères - 120*200*30 cm - Bois MDF stratifié - Chêne foncé,280,280
"Meuble de Rangement Décoratif pour salon, moderne et chic",https://baity.tn/659-home_default/rangement-decorative.jpg,"Meuble de Rangement Décoratif pour salon, moderne et chic",280,280
Bibliothèque avec étagères - 100*130*30 cm - Bois MDF stratifié - Chêne foncé,https://baity.tn/752-home_default/bibliotheque-de-rangement.jpg,Bibliothèque avec étagères - 100*130*30 cm - Bois MDF stratifié - Chêne foncé,280,280
Bibliothèque commode - 70*120*30 cm - Bois MDF Stratifié - Blanc,https://baity.tn/24521-home_default/bibliotheque-commode-scandinave-bois-mdf-stratifie.jpg,Bibliothèque commode - 70*120*30 cm - Bois MDF Stratifié - Blanc,280,280
"Étagère Sonoma fer forgé - 100*200*35 cm - chêne, noir",https://baity.tn/30350-home_default/etagere-sonoma-fer-forge-10020035-cm.jpg,"Étagère Sonoma fer forgé - 100*200*35 cm - chêne, noir",280,280
Étagère de rangement  3 tiroirs - 100*190*35 cm - Bois MDF stratifié - Blanc,https://baity.tn/7886-home_default/etagere-3-tiroir-bois-mdf-stratifie-blanc.jpg,Étagère de rangement  3 tiroirs - 100*190*35 cm - Bois MDF stratifié - Blanc,280,280
"Étagère Moderna - 120*200*35 cm -Fer forgé - Noir, blanc",https://baity.tn/24519-home_default/etagere-moderna-fer-forge-noir.jpg,"Étagère Moderna - 120*200*35 cm -Fer forgé - Noir, blanc",280,280
Étagère de rangement - 190*100*30 cm - Bois MDF stratifié - Marron,https://baity.tn/388-home_default/etagere-mdf-marron.jpg,ETAGERE DESIGN,280,280
Bibliothéque Lausanne - 120*200*35 cm - Bois MDF stratifié - blanc,https://baity.tn/1310-home_default/rangement-livre-lausanne.jpg,Bibliothéque Lausanne - 120*200*35 cm - Bois MDF stratifié - blanc,280,280
Colonne de rangement - 40*1m80*35 cm - Bois MDF stratifié - Blanc,https://baity.tn/2441-home_default/colonne-de-rangement-blanc.jpg,Colonne de rangement - 40*1m80*35 cm - Bois MDF stratifié - Blanc,280,280
Meuble de Rangement - 60*90*29 cm - Bois MDF stratifié - Blanc,https://baity.tn/29232-home_default/meuble-de-rangement-609029-cm-bois-mdf-stratifie-blanc.jpg,Meuble de Rangement - 60*90*29 cm - Bois MDF stratifié - Blanc,280,280
Bibliothèque Mira - 180*135*30 cm - Bois MDF stratifié -  Blanc,https://baity.tn/24524-home_default/bibliotheque-18013530-cm-mira-18013530-cm-blanc.jpg,Bibliothèque Mira - 180*135*30 cm - Bois MDF stratifié -  Blanc,280,280
Armoire multifonction - 80*120*40 cm - Bois MDF stratifié - Blanc,https://baity.tn/11162-home_default/armoire-multifonction-blanc.jpg,Armoire multifonction - 80*120*40 cm - Bois MDF stratifié - Blanc,280,280
Étagère Murale Sazio  - 100*58*20 cm - Bois Mdf stratifié - chêne,https://baity.tn/7885-home_default/etagere-murale-sazio-1005820-cm-bois-mdf-stratifie-chene.jpg,Étagère Murale Sazio  - 100*58*20 cm - Bois Mdf stratifié - chêne,280,280
"Étagère Moderna - 120*200*35 cm -Fer forgé - Doré, blanc",https://baity.tn/24509-home_default/etagere-moderna-fer-forge-dore.jpg,"Étagère Moderna - 120*200*35 cm -Fer forgé - Doré, blanc",280,280
"Étagère Zigzag - 40*100*24 cm - Bois MDF stratifié - Noir, chêne ",https://baity.tn/24537-home_default/etagere-zigzag-fer-forge-noir.jpg,"Étagère Zigzag - 40*100*24 cm - Bois MDF stratifié - Noir, chêne ",280,280
Étagère venise - 100*100*24 cm - Bois MDF stratifie  - Blanc,https://baity.tn/24538-home_default/etagere-venise-bois-mdf-stratifie-10010024cm-blanc.jpg,Étagère venise - 100*100*24 cm - Bois MDF stratifie  - Blanc,280,280
Bibliothèque Yosr  - 167*210*30 - Bois MDF stratifié - Blanc,https://baity.tn/7887-home_default/bibliotheque-yosr-blanc.jpg,Bibliothèque Yosr  - 167*210*30 - Bois MDF stratifié - Blanc,280,280
"Étagère Binoty - 160*60*30 cm - Fer forgé, Bois MDF stratifié - Noir, chêne",https://baity.tn/24590-home_default/etagere-scandinave-binoty.jpg,"Étagère Binoty - 160*60*30 cm - Fer forgé, Bois MDF stratifié - Noir, chêne",280,280
Élément 2 étages - 40*40*40 cm -  Bois Rouge - chêne ,https://baity.tn/17898-home_default/element-2-etage-en-bois-chene-massif-40-x-40-x-40-cm-bois-chene-massif.jpg,Élément 2 étages - 40*40*40 cm -  Bois Rouge - chêne ,280,280
Élément Quadra -100*40*40 cm -  Bois rouge - Rose fuchsia,https://baity.tn/17801-home_default/element-quadra-en-bois-rouge-110-x-40-x-40-cm-fushia.jpg,Élément Quadra -100*40*40 cm -  Bois rouge - Rose fuchsia,280,280
Élément 3 étagères - 78*40*40 cm - Bois rouge -  Rose fuchsia,https://baity.tn/17899-home_default/element-3-etage-en-bois-rouge-78-x-40-x-40-cm-rouge.jpg,Élément 3 étagères - 78*40*40 cm - Bois rouge -  Rose fuchsia,280,280
Élément 3 étagères  - 78*40*40 cm -  Bois rouge - Jaune,https://baity.tn/17906-home_default/element-3-etage-en-bois-rouge-78-x-40-x-40-cm-jaune.jpg,Élément 3 étagères  - 78*40*40 cm -  Bois rouge - Jaune,280,280
Élément 2 étages - 40*40*40 - bois d'acajou - acajou,https://baity.tn/17897-home_default/element-2-etages-en-bois-d-acajou-404040cm.jpg,Élément 2 étages - 40*40*40 - bois d'acajou - acajou,280,280
Élément Quadra - 110*40*40 cm - Bois rouge - marron,https://baity.tn/18060-home_default/element-quadra-en-bois-rouge-110-x-40-x-40-cm-marron.jpg,Élément Quadra - 110*40*40 cm - Bois rouge - marron,280,280
Élément 3 étagères  - 78*40*40 cm - Bois chêne massif - chêne ,https://baity.tn/19139-home_default/element-3-etages-78-40-40-cm-bois-chene-massif.jpg,Élément 3 étagères  - 78*40*40 cm - Bois chêne massif - chêne ,280,280
"Étagère décorative de coin -140*37*22 cm - Bois MDF Stratifié - Marron, Blanc",https://baity.tn/2302-home_default/rangement-coin-mdf-stratifie-1403722-cm-marron-blanc.jpg,"Étagère décorative de coin -140*37*22 cm - Bois MDF Stratifié - Marron, Blanc",280,280
"Élément Quadra - 110*40*40 cm - Bois de Bahia - Rouge, Teinte naturel",https://baity.tn/20455-home_default/element-quadra-en-bois-110-x-40-x-40-cm-bois-de-bahia.jpg,"Élément Quadra - 110*40*40 cm - Bois de Bahia - Rouge, Teinte naturel",280,280
Élément Quadra en bois rouge 110 X 40 X 40 cm - jaune,https://baity.tn/17910-home_default/element-quadra-en-bois-rouge-110-x-40-x-40-cm-jaune.jpg,Élément Quadra en bois rouge 110 X 40 X 40 cm - jaune,280,280
Élément 2 étage - Bois rouge  -  40 * 40 * 40 cm- ROUGE,https://baity.tn/17911-home_default/element-2-etage-bois-rouge-40-40-40-cm-rouge.jpg,Élément 2 étage - Bois rouge  -  40 * 40 * 40 cm- ROUGE,280,280
Étagère pour plantes,https://baity.tn/2199-home_default/etagere-pour-plantes.jpg,Étagère pour plantes,280,280
Élément 2 étage en bois rouge - 40 X 40 X 40 cm - Naturel,https://baity.tn/17937-home_default/element-2-etage-en-bois-rouge-40-x-40-x-40-cm-naturel.jpg,Élément 2 étage en bois rouge - 40 X 40 X 40 cm - Naturel,280,280
Élément 2 étage en bois rouge - 40 X 40 X 40 cm - Marron,https://baity.tn/18014-home_default/element-2-etage-en-bois-rouge-40-x-40-x-40-cm-marron.jpg,Élément 2 étage en bois rouge - 40 X 40 X 40 cm - Marron,280,280
Élément 2 étage en bois rouge - 40 X 40 X 40 cm - Grège,https://baity.tn/18003-home_default/element-2-etage-en-bois-rouge-40-x-40-x-40-cm-grege.jpg,Élément 2 étage en bois rouge - 40 X 40 X 40 cm - Grège,280,280
Élément 2 étages - 40*40*40 cm  - chêne ,https://baity.tn/18356-home_default/element-2-etages-404040-cm-chene.jpg,Élément 2 étages - 40*40*40 cm  - chêne ,280,280
Élément 3 étage en bois rouge - 78 X 40 X 40 cm - Grège,https://baity.tn/18006-home_default/element-3-etage-en-bois-rouge-78-x-40-x-40-cm-grege.jpg,Élément 3 étage en bois rouge - 78 X 40 X 40 cm - Grège,280,280
Élément 3 étage en bois rouge - 78 X 40 X 40 cm - Marron,https://baity.tn/17999-home_default/element-3-etage-en-bois-rouge-78-x-40-x-40-cm-marron.jpg,Élément 3 étage en bois rouge - 78 X 40 X 40 cm - Marron,280,280
Élément Quadra en bois rouge - 110 X 40 X 40 cm- NATUREL,https://baity.tn/17947-home_default/element-quadra-en-bois-rouge-110-x-40-x-40-cm-naturel.jpg,Élément Quadra en bois rouge - 110 X 40 X 40 cm- NATUREL,280,280
Élément Quadra en bois rouge 110 X 40 X 40 cm- GREGE,https://baity.tn/18007-home_default/element-quadra-en-bois-rouge-110-x-40-x-40-cm-grege.jpg,Élément Quadra en bois rouge 110 X 40 X 40 cm- GREGE,280,280
Élément Quadra en bois rouge 110 X 40 X 40 cm - Bleu,https://baity.tn/18015-home_default/element-quadra-en-bois-rouge-110-x-40-x-40-cm-bleu.jpg,Élément Quadra en bois rouge 110 X 40 X 40 cm - Bleu,280,280
