Title,url
image_1.jpg,https://i.pinimg.com/originals/0f/df/c5/0fdfc565bc883a817317592ec37eaffe.jpg
image_2.jpg,https://i.pinimg.com/originals/2a/eb/25/2aeb2531569b0e8464a9a5653d58a3dc.jpg
image_3.jpg,https://i.pinimg.com/originals/47/53/ab/4753ab8baef60196d3c5624f35e0ccc0.jpg
image_4.jpg,https://i.pinimg.com/originals/6f/cf/3b/6fcf3b37c8acaaf17cf36344df64a187.jpg
image_5.jpg,https://i.pinimg.com/originals/06/e1/f2/06e1f2b3ca7a9c74dbcd781a598e5075.png
image_6.jpg,https://i.pinimg.com/originals/5d/b4/a3/5db4a38552b5436fbe72b3bc0cce3b2e.jpg
image_7.jpg,https://i.pinimg.com/originals/a4/7c/96/a47c96ae738101ab53d33e55d8804e32.jpg
image_8.jpg,https://i.pinimg.com/originals/a7/6a/39/a76a39446cfd62dddb0d5c7d5f570126.jpg
image_9.jpg,https://i.pinimg.com/originals/c4/4a/41/c44a41c5254a44935ea0337905e1865c.png
image_10.jpg,https://i.pinimg.com/originals/5f/52/f6/5f52f665d6cdd6ca1c7931fc5af32a2b.jpg
